DROP  TABLE COLLEGE;
DROP TABLE STUDENT;
DROP TABLE APPLY;

CREATE TABLE COLLEGE(
    collegeName VARCHAR(10) PRIMARY KEY,
    state VARCHAR(10),
    enrollment INT
);

CREATE TABLE STUDENT(
    sID INT PRIMARY KEY,
    sName VARCHAR(10),
    GPA REAL,
    sizeHS INT
);

CREATE TABLE APPLY(
    sID INT,
    cName VARCHAR(10),
    major VARCHAR(20),
    decision CHAR(1),
    PRIMARY KEY (sID, major, cName),
    CONSTRAINT sID_fk FOREIGN KEY(sID) REFERENCES STUDENT,
    CONSTRAINT cName_fk FOREIGN KEY(cName) REFERENCES COLLEGE
);



INSERT INTO COLLEGE VALUES ('Stanford', 'CA', 15000);
INSERT INTO COLLEGE VALUES ('Berkeley', 'CA', 36000);
INSERT INTO COLLEGE VALUES ('MIT', 'MA', 10000);
INSERT INTO COLLEGE VALUES ('Cornell', 'NY', 21000);
INSERT INTO COLLEGE VALUES ('Harvard', 'MA', 50040);


INSERT INTO STUDENT VALUES (123, 'Amy', 3.9, 1000);
INSERT INTO STUDENT VALUES (234, 'Bob', 3.6, 1500);
INSERT INTO STUDENT VALUES (345, 'Craig', 3.5, 500);
INSERT INTO STUDENT VALUES (456, 'Doris', 3.9, 1000);
INSERT INTO STUDENT VALUES (567, 'Edward', 2.9, 2000);
INSERT INTO STUDENT VALUES (678, 'Fay', 3.8, 200);
INSERT INTO STUDENT VALUES (789, 'Gary', 3.4, 800);
INSERT INTO STUDENT VALUES (987, 'Helen', 3.7, 800);
INSERT INTO STUDENT VALUES (876, 'Irene', 3.9, 400);
INSERT INTO STUDENT VALUES (765, 'Jay', 2.9, 1500); 
INSERT INTO STUDENT VALUES (654, 'Amy', 3.9, 1000);
INSERT INTO STUDENT VALUES (543, 'Craig', 3.4, 2000);


INSERT INTO APPLY VALUES (123, 'Stanford', 'CS', 'Y');
INSERT INTO APPLY VALUES (123, 'Stanford', 'EE', 'N');
INSERT INTO APPLY VALUES (123, 'Berkeley', 'CS', 'Y');
INSERT INTO APPLY VALUES (123, 'Cornell', 'EE', 'Y');
INSERT INTO APPLY VALUES (234, 'Berkeley', 'biology', 'N');
INSERT INTO APPLY VALUES (345, 'MIT', 'bioengineering', 'Y');
INSERT INTO APPLY VALUES (345, 'Cornell', 'bioengineering', 'N');
INSERT INTO APPLY VALUES (345, 'Cornell', 'CS', 'Y');
INSERT INTO APPLY VALUES (345, 'Cornell', 'EE', 'N');
INSERT INTO APPLY VALUES (678, 'Stanford', 'history', 'Y');
INSERT INTO APPLY VALUES (987, 'Stanford', 'CS', 'Y');
INSERT INTO APPLY VALUES (987, 'Berkeley', 'CS', 'Y');
INSERT INTO APPLY VALUES (876, 'Stanford', 'CS', 'N');
INSERT INTO APPLY VALUES (876, 'MIT', 'biology', 'Y');
INSERT INTO APPLY VALUES (876, 'MIT', 'marine biology', 'N');
INSERT INTO APPLY VALUES (765, 'Stanford', 'history', 'Y');
INSERT INTO APPLY VALUES (765, 'Cornell', 'history', 'N');
INSERT INTO APPLY VALUES (765, 'Cornell', 'psychology', 'Y');
INSERT INTO APPLY VALUES (543, 'MIT', 'CS', 'N');

SELECT * FROM STUDENT;
SELECT * FROM COLLEGE;
SELECT * FROM APPLY;